
{
    "Bosphorus": 0.6760133463541668,
    "HoneyBee": 0.9416880696614583,
    "ShakeNDry": 0.8653945312500001,
    "YachtRide": 0.6925734049479167,
    "Jockey": 0.6776621093749999,
    "ReadySteadyGo": 0.75492138671875,
    "Beauty":  1.294376220703125
}